<?xml version="1.0" encoding="UTF-8" ?>
<typeSystemDescription xmlns="http://uima.apache.org/resourceSpecifier">
	<name>SearchResultTypes</name>
	<description>SearchResultCAS type system</description>
	<vendor>yodaqa</vendor>
	<version>1.0</version>
	<imports>
		<import name="cz.brmlab.yodaqa.typesystem.QuestionTypes_TS" />
		<import name="cz.brmlab.yodaqa.typesystem.CandidateAnswerTypes_TS" />
		<import name="cz.brmlab.yodaqa.typesystem.TyCorTypes_TS" />
	</imports>
	<types>
		<typeDescription>
			<name>cz.brmlab.yodaqa.model.SearchResult.ResultInfo</name>
			<description>Meta-information on the retrieved search result
			</description>
			<supertypeName>uima.cas.TOP</supertypeName>
			<features>
				<featureDescription>
					<name>relevance</name>
					<description>Relevance of the result; a metric between [0,1]
					</description>
					<rangeTypeName>uima.cas.Double</rangeTypeName>
				</featureDescription>
				<featureDescription>
					<name>source</name>
					<description>The name of the data source.</description>
					<rangeTypeName>uima.cas.String</rangeTypeName>
				</featureDescription>
				<featureDescription>
					<name>documentId</name>
					<description>ID of the document (specific to data source)
					</description>
					<rangeTypeName>uima.cas.String</rangeTypeName>
				</featureDescription>
				<featureDescription>
					<name>sourceID</name>
					<description>ID used to refer to this search result as an
						AnswerSource in the dashboard.</description>
					<rangeTypeName>uima.cas.Integer</rangeTypeName>
				</featureDescription>
				<featureDescription>
					<name>documentTitle</name>
					<description>Title of the document</description>
					<rangeTypeName>uima.cas.String</rangeTypeName>
				</featureDescription>
				<featureDescription>
					<name>isLast</name>
					<description>If non-zero, this is the last search result CAS and
						the value is #total generated CASes.</description>
					<rangeTypeName>uima.cas.Integer</rangeTypeName>
				</featureDescription>
				<featureDescription>
					<name>origin</name>
					<description>Originating annotator name</description>
					<rangeTypeName>uima.cas.String</rangeTypeName>
				</featureDescription>
				<featureDescription>
					<name>ansfeatures</name>
					<description>A set of answer features that should be inherited by
						all answers generated from this result.</description>
					<rangeTypeName>uima.cas.FSArray</rangeTypeName>
					<elementType>cz.brmlab.yodaqa.model.CandidateAnswer.AnswerFeature
					</elementType>
				</featureDescription>
			</features>
		</typeDescription>

		<typeDescription>
			<name>cz.brmlab.yodaqa.model.SearchResult.Passage</name>
			<description>Interesting passages of the search result that will be
				examined in more detail.</description>
			<supertypeName>uima.tcas.Annotation</supertypeName>
			<features>
				<featureDescription>
					<name>features</name>
					<description>A set of features of this passage. Unmatched features
						need not be present, and order does not matter. Duplicates are
						also perfectly normal (e.g. multiple matching clues will generate
						copies of a feature) and are summed together.</description>
					<rangeTypeName>uima.cas.FSArray</rangeTypeName>
					<elementType>cz.brmlab.yodaqa.model.SearchResult.PassageFeature
					</elementType>
				</featureDescription>
				<featureDescription>
					<name>score</name>
					<description>Score of the passage regarding relevance likelihood.
					</description>
					<rangeTypeName>uima.cas.Double</rangeTypeName>
				</featureDescription>
				<featureDescription>
					<name>snippetID</name>
					<description>ID of corresponding snippet.</description>
					<rangeTypeName>uima.cas.Integer</rangeTypeName>
				</featureDescription>
				<featureDescription>
					<name>ansfeatures</name>
					<description>A set of answer features that should be inherited by
						all answers generated from this passage.</description>
					<rangeTypeName>uima.cas.FSArray</rangeTypeName>
					<elementType>cz.brmlab.yodaqa.model.CandidateAnswer.AnswerFeature
					</elementType>
				</featureDescription>
			</features>
		</typeDescription>
		<typeDescription>
			<name>cz.brmlab.yodaqa.model.SearchResult.PassageFeature</name>
			<description>A feature matched on a particular passage. This type is
				for sub-classing to particular features.</description>
			<supertypeName>uima.cas.TOP</supertypeName>
			<features>
				<featureDescription>
					<name>value</name>
					<description>Feature value. Unmatched features are assumed 0.
						Ideally, the feature value should be in the interval of [0,1], but
						this is not enforced.</description>
					<rangeTypeName>uima.cas.Double</rangeTypeName>
				</featureDescription>
			</features>
		</typeDescription>
		<!-- N.B. for the time being, new types must be also added to a list in 
			src/main/java/cz/brmlab/yodaqa/analysis/passextract/PassageFV.java -->
		<typeDescription>
			<name>cz.brmlab.yodaqa.model.SearchResult.PF_ClueMatch</name>
			<description>Passage Feature: A clue matched. Value is fixed to 1.
			</description>
			<supertypeName>cz.brmlab.yodaqa.model.SearchResult.PassageFeature
			</supertypeName>
		</typeDescription>
		<typeDescription>
			<name>cz.brmlab.yodaqa.model.SearchResult.PF_ClueWeight</name>
			<description>Passage Feature: A clue matched. Value is the
				(solr-used) weight of the clue.</description>
			<supertypeName>cz.brmlab.yodaqa.model.SearchResult.PassageFeature
			</supertypeName>
		</typeDescription>
		<typeDescription>
			<name>cz.brmlab.yodaqa.model.SearchResult.PF_AboutClueMatch</name>
			<description>Passage Feature: An "about" clue matched (i.e. a clue
				that also matches the document title; suggests lower signal). Value
				is fixed to 1.</description>
			<supertypeName>cz.brmlab.yodaqa.model.SearchResult.PassageFeature
			</supertypeName>
		</typeDescription>
		<typeDescription>
			<name>cz.brmlab.yodaqa.model.SearchResult.PF_AboutClueWeight</name>
			<description>Passage Feature: An "about" clue matched (i.e. a clue
				that also matches the document title; suggests lower signal). Value
				is the (solr-used) weight of the clue.</description>
			<supertypeName>cz.brmlab.yodaqa.model.SearchResult.PassageFeature
			</supertypeName>
		</typeDescription>

		<typeDescription>
			<name>cz.brmlab.yodaqa.model.SearchResult.CandidateAnswer</name>
			<description>Candidate Answer</description>
			<supertypeName>uima.tcas.Annotation</supertypeName>
			<features>
				<featureDescription>
					<name>features</name>
					<description>A set of features of this answer, see
						CandidateAnswerTypes.</description>
					<rangeTypeName>uima.cas.FSArray</rangeTypeName>
					<elementType>cz.brmlab.yodaqa.model.CandidateAnswer.AnswerFeature
					</elementType>
				</featureDescription>
				<featureDescription>
					<name>snippetIDs</name>
					<description>List of snippetID's used in creating this answer, may
						be more than one.</description>
					<rangeTypeName>uima.cas.IntegerArray</rangeTypeName>
				</featureDescription>
				<featureDescription>
					<name>passage</name>
					<description>The passage this answer belongs to. (Or one of them.)
					</description>
					<rangeTypeName>cz.brmlab.yodaqa.model.SearchResult.Passage
					</rangeTypeName>
				</featureDescription>
				<featureDescription>
					<name>base</name>
					<description>The annotation (or one of them) that eventually
						spawned this answer.</description>
					<rangeTypeName>uima.tcas.Annotation</rangeTypeName>
				</featureDescription>
			</features>
		</typeDescription>

		<typeDescription>
			<name>cz.brmlab.yodaqa.model.SearchResult.QuestionLATMatch</name>
			<description>Match of a question LAT; this is data for essentially a
				super-rough TyCor that expects the type word near the answer text.
			</description>
			<supertypeName>uima.tcas.Annotation</supertypeName>
			<features>
				<featureDescription>
					<name>baseToken</name>
					<description>The matched passage token.</description>
					<rangeTypeName>de.tudarmstadt.ukp.dkpro.core.api.segmentation.type.Token
					</rangeTypeName>
				</featureDescription>
				<featureDescription>
					<name>baseLAT</name>
					<description>The matched question LAT.</description>
					<rangeTypeName>cz.brmlab.yodaqa.model.TyCor.LAT</rangeTypeName>
				</featureDescription>
			</features>
		</typeDescription>

		<typeDescription>
			<name>cz.brmlab.yodaqa.model.SearchResult.QuestionClueMatch</name>
			<description>Match of a question clue for transfoer to answer
				features (based on neighborhood, parse tree path etc.).
			</description>
			<supertypeName>uima.tcas.Annotation</supertypeName>
			<features>
				<featureDescription>
					<name>baseClue</name>
					<description>The matched question clue.</description>
					<rangeTypeName>cz.brmlab.yodaqa.model.Question.Clue</rangeTypeName>
				</featureDescription>
			</features>
		</typeDescription>

		<typeDescription>
			<name>cz.brmlab.yodaqa.model.SearchResult.AnswerBioMention</name>
			<description>A detected mention of answer in passage detected by
				B-I-O token tagging.</description>
			<supertypeName>uima.tcas.Annotation</supertypeName>
			<features>
				<featureDescription>
					<name>score</name>
					<description>Confidence score generated by the tagger.
					</description>
					<rangeTypeName>uima.cas.Double</rangeTypeName>
				</featureDescription>
			</features>
		</typeDescription>
	</types>
</typeSystemDescription>
