{"product": {"use": "The product is ideal for use on any cooktop, including induction. Oven safe to 500\u02daF. For best results, use low to medium heat. Do not use aerosol cooking sprays; buildup over time will cause food to stick.", "name": "Forte Skillets", "brand": "Williams Sonoma", "material": "nonstick", "shipping": "UPS can deliver most in-stock items within 3-5 business days. The shipping rate varies depending on your order total and shipping destination. ", "options": {"color": ["red", "black", "grey"], "size": ["8 inches", "12 inches"]}, "reviews": {"rating": 4, "feedback": "After watching the video about the pan being used with a metal spatula, I was a bit wary of using metal in a non stick pan but I decided to purchase the spatula shown in the video. The pan is terrific but the first time I used the metal spatula, it did indeed scratch the surface and Sonoma is replacing it. I highly recommend the pan for it's excellent non stick properties but use only plastic or rubber utensils with it"}, "negative_review": "Mary Stewart gives the product 1 star and says..The frying pan that I received dented on sides almost making it look like irregular rectangle. The handle was not screwed properly and thus wobbly. Did not feel heavy enough like other pans.", "features": {"warranty": "1 year", "make": "Italy", "compatability": ["Scratch resistant", "Dishwasher safe", "Oven safe", "Broiler safe", "Microwave safe", "Induction safe"], "operating_temperatures": "105.6F-500F"}, "avg_rating": 4, "positive review": "Alan King gives the product 5 stars and says ..The pan is very nice, quick to heat and easy to clean. The non-stick works well and allows us to use very little oil. Vegetables come out very well.", "price": "8-inch pan costs $80 & 12-inch pan costs 90$ respectively", "type": "Skillets", "id": "Forti_2", "care": "Allow pan to cool before washing. The product is Dishwasher safe; however, we recommend hand-washing to avoid harsh detergents. Avoid using steel wool, steel scouring pads or harsh detergents", "quantity": 10}, "previous_response": "", "type_": "read_out", "session": "end", "intent": "read_article", "product_name": "forte skillets"}