<?xml version="1.0" encoding="UTF-8" ?>
  <typeSystemDescription xmlns="http://uima.apache.org/resourceSpecifier">
    <name>CandidateAnswerTypes</name>
    <description>CandidateAnswerCAS type system</description>
    <vendor>yodaqa</vendor>
    <version>1.0</version>
    <types>
      <typeDescription>
        <name>cz.brmlab.yodaqa.model.CandidateAnswer.AnswerInfo</name>
        <description>Meta-information on the generated candidate answer</description>
        <supertypeName>uima.cas.TOP</supertypeName>
        <features>
          <featureDescription>
            <name>canonText</name>
	    <description>Syntactically canonical form of the answer (without leading/trailing interpunction and the- and such)</description>
            <rangeTypeName>uima.cas.String</rangeTypeName>
          </featureDescription>
         <featureDescription>
            <name>answerID</name>
	    <description>ID of the candidateAnswer</description>
            <rangeTypeName>uima.cas.Integer</rangeTypeName>
          </featureDescription>
          <featureDescription>
            <name>snippetIDs</name>
            <description>List of snippetID's used.</description>
            <rangeTypeName>uima.cas.IntegerArray</rangeTypeName>
          </featureDescription>
          <featureDescription>
            <name>resources</name>
	    <description>Set of resources corresponding to this answer. (There may be multiple, of course.) Duplicates should not appear, order should not matter.</description>
            <rangeTypeName>uima.cas.FSArray</rangeTypeName>
            <elementType>cz.brmlab.yodaqa.model.CandidateAnswer.AnswerResource</elementType>
          </featureDescription>
          <featureDescription>
            <name>features</name>
            <description>A set of features of this answer. Unmatched features should simply not be present, and order does not matter. Duplicates should NOT appear.</description>
            <rangeTypeName>uima.cas.FSArray</rangeTypeName>
            <elementType>cz.brmlab.yodaqa.model.CandidateAnswer.AnswerFeature</elementType>
          </featureDescription>
          <featureDescription>
            <name>isLast</name>
            <description>If non-zero, this is the last candidate answer CAS and the value is #total generated CASes.</description>
            <rangeTypeName>uima.cas.Integer</rangeTypeName>
          </featureDescription>
        </features>
      </typeDescription>

      <typeDescription>
        <name>cz.brmlab.yodaqa.model.CandidateAnswer.PassageForParsing</name>
        <description>A passage on which a parser should be run</description>
        <supertypeName>uima.tcas.Annotation</supertypeName>
      </typeDescription>

      <typeDescription>
        <name>cz.brmlab.yodaqa.model.CandidateAnswer.AnswerResource</name>
        <description>A resource (e.g. DBpedia, Freebase, enwiki article) corresponding to an answer.</description>
        <supertypeName>uima.cas.TOP</supertypeName>
        <features>
          <featureDescription>
            <name>iri</name>
            <description>The IRI (resource identifier, think URL) of the resource.</description>
            <rangeTypeName>uima.cas.String</rangeTypeName>
          </featureDescription>
        </features>
      </typeDescription>

      <typeDescription>
        <name>cz.brmlab.yodaqa.model.CandidateAnswer.AnswerFeature</name>
        <description>A feature matched on this answer. This type is for sub-classing to particular features.</description>
        <supertypeName>uima.cas.TOP</supertypeName>
        <features>
          <featureDescription>
            <name>name</name>
	    <description>Feature name.  Always refer to the names via string constants in the ansscore.AF class to prevent typos.  Some feature names may be autogenerated (e.g. specific LAT/SV presence indicators or vector embedding elements).</description>
            <rangeTypeName>uima.cas.String</rangeTypeName>
          </featureDescription>
          <featureDescription>
            <name>value</name>
            <description>Feature value. Unmatched features are assumed 0. Ideally, the feature value should be in the interval of [0,1], but this is not enforced.</description>
            <rangeTypeName>uima.cas.Double</rangeTypeName>
          </featureDescription>
        </features>
      </typeDescription>
    </types>
  </typeSystemDescription>
