<?xml version="1.0" encoding="UTF-8" ?>
  <typeSystemDescription xmlns="http://uima.apache.org/resourceSpecifier">
    <name>TyCorTypes</name>
    <description>Type Coercion type system - assign "lexical types" to expected question answers and candidate answers and allow matching them</description>
    <vendor>yodaqa</vendor>
    <version>1.0</version>
    <imports>
      <import name="com.cts.cdslab.typesystem.QuestionTypes_TS" />
    </imports>
    <types>
      <typeDescription>
        <name>cz.brmlab.yodaqa.model.TyCor.LAT</name>
	<description>Lexical Answer Type; e.g. "Who was the first king
		of Bohemia?" can generate LATs "king";
		"Who invented the transistor?" can generate LATs "person"
		or "inventor".
		Some LATs are generated from the question itself while
		others are derived from other LATs/clues.</description>
        <supertypeName>uima.tcas.Annotation</supertypeName>
        <features>
          <featureDescription>
            <name>base</name>
            <description>The corresponding token/constituent.</description>
            <rangeTypeName>uima.tcas.Annotation</rangeTypeName>
          </featureDescription>
          <featureDescription>
            <name>pos</name>
            <description>The part-of-speech POS tag of this LAT.</description>
            <rangeTypeName>de.tudarmstadt.ukp.dkpro.core.api.lexmorph.type.pos.POS</rangeTypeName>
          </featureDescription>
          <featureDescription>
            <name>text</name>
            <description>The LAT string; this may not be the same as covered text, e.g. an LAT generated from "who" is a "person".</description>
            <rangeTypeName>uima.cas.String</rangeTypeName>
          </featureDescription>
          <featureDescription>
            <name>synset</name>
            <description>A WordNet synset ID of the sense that corresponds to this LAT.  This can be null if the LAT is not anchored in a wordnet sense.</description>
            <rangeTypeName>uima.cas.Long</rangeTypeName>
          </featureDescription>
          <featureDescription>
            <name>specificity</name>
            <description>A value determining how specific this is; 0 is most specific and progressive negative numbers indicate reduced specificity; in some equations, this value might be an exponent for exponentially decaying specificity. The idea is that "inventor" may get 0, "creator" -1, "person" -5, "entity" -10 or something like that.</description>
            <rangeTypeName>uima.cas.Double</rangeTypeName>
          </featureDescription>
          <featureDescription>
            <name>baseLAT</name>
            <description>If this LAT was derived from another, the original LAT.</description>
            <rangeTypeName>cz.brmlab.yodaqa.model.TyCor.LAT</rangeTypeName>
          </featureDescription>
          <featureDescription>
            <name>isHierarchical</name>
            <description>True if this LAT is part of a specificity hierarchy.  E.g. LAT generated by focus or evidence match is not, while LAT generated by WordNet or YAGO is.  This allows e.g. WordNet specificity matcher to match between WordNet and non-hierarchical LATs, but not between WordNet and YAGO LATs (which would be rather messy).</description>
            <rangeTypeName>uima.cas.Boolean</rangeTypeName>
          </featureDescription>
        </features>
      </typeDescription>

      <typeDescription>
        <name>cz.brmlab.yodaqa.model.TyCor.ImplicitQLAT</name>
	<description>Question LAT generated implicitly (from a question word or another form of focus, e.g. lemmatized).</description>
        <supertypeName>cz.brmlab.yodaqa.model.TyCor.LAT</supertypeName>
      </typeDescription>
      <typeDescription>
        <name>cz.brmlab.yodaqa.model.TyCor.QuestionWordLAT</name>
	<description>LAT generated from a question word (e.g. when -> LAT time).</description>
        <supertypeName>cz.brmlab.yodaqa.model.TyCor.ImplicitQLAT</supertypeName>
      </typeDescription>
      <typeDescription>
        <name>cz.brmlab.yodaqa.model.TyCor.SVLAT</name>
	<description>LAT generated from the question SV (selection verb), e.g. SV directed -> LAT director.</description>
        <supertypeName>cz.brmlab.yodaqa.model.TyCor.ImplicitQLAT</supertypeName>
      </typeDescription>

      <typeDescription>
        <name>cz.brmlab.yodaqa.model.TyCor.NELAT</name>
        <description>LAT generated from named entity type (as provided by the named entity recognizer).</description>
        <supertypeName>cz.brmlab.yodaqa.model.TyCor.LAT</supertypeName>
      </typeDescription>
      <typeDescription>
        <name>cz.brmlab.yodaqa.model.TyCor.DBpLAT</name>
        <description>LAT generated from DBpedia ontology.</description>
        <supertypeName>cz.brmlab.yodaqa.model.TyCor.LAT</supertypeName>
      </typeDescription>
      <typeDescription>
        <name>cz.brmlab.yodaqa.model.TyCor.DBpWNLAT</name>
        <description>LAT generated from DBpedia ontology (Wordnet type).</description>
        <supertypeName>cz.brmlab.yodaqa.model.TyCor.LAT</supertypeName>
      </typeDescription>
      <typeDescription>
        <name>cz.brmlab.yodaqa.model.TyCor.QuantityLAT</name>
        <description>LAT generated from NUM dependency in answer sentence.</description>
        <supertypeName>cz.brmlab.yodaqa.model.TyCor.LAT</supertypeName>
      </typeDescription>
      <typeDescription>
        <name>cz.brmlab.yodaqa.model.TyCor.QuantityCDLAT</name>
        <description>LAT generated from NUM dependency and CD pos in answer sentence.</description>
        <supertypeName>cz.brmlab.yodaqa.model.TyCor.LAT</supertypeName>
      </typeDescription>
      <typeDescription>
        <name>cz.brmlab.yodaqa.model.TyCor.WnInstanceLAT</name>
        <description>LAT generated from Wordnet instance-of relationships.</description>
        <supertypeName>cz.brmlab.yodaqa.model.TyCor.LAT</supertypeName>
      </typeDescription>
      <typeDescription>
        <name>cz.brmlab.yodaqa.model.TyCor.DBpOntologyLAT</name>
        <description>LAT generated from DBpedia curated ontology property name.</description>
        <supertypeName>cz.brmlab.yodaqa.model.TyCor.LAT</supertypeName>
      </typeDescription>
      <typeDescription>
        <name>cz.brmlab.yodaqa.model.TyCor.DBpPropertyLAT</name>
        <description>LAT generated from DBpedia raw infobox property name.</description>
        <supertypeName>cz.brmlab.yodaqa.model.TyCor.LAT</supertypeName>
      </typeDescription>
      <typeDescription>
        <name>cz.brmlab.yodaqa.model.TyCor.FBOntologyLAT</name>
        <description>LAT generated from Freebase curated ontology property name.</description>
        <supertypeName>cz.brmlab.yodaqa.model.TyCor.LAT</supertypeName>
      </typeDescription>

      <typeDescription>
        <name>cz.brmlab.yodaqa.model.TyCor.WordnetLAT</name>
        <description>LAT generated from other LATs by Wordnet hypernymy relationships.</description>
        <supertypeName>cz.brmlab.yodaqa.model.TyCor.LAT</supertypeName>
      </typeDescription>
    </types>
  </typeSystemDescription>
