<?xml version="1.0" encoding="UTF-8"?>
<typeSystemDescription xmlns="http://uima.apache.org/resourceSpecifier">
	<name>typeSystemDescriptor</name>
	<description />
	<version>1.0</version>
	<vendor />
	<imports>
		<import name="com.cts.cdslab.typesystem.SearchResultTypes_TS" />
		<import name="com.cts.cdslab.typesystem.AnswerHitlistTypes_TS" />
		<import name="com.cts.cdslab.typesystem.NounPhraseAE" />
		
	</imports>

	<types>
		<typeDescription>
			<name>eu.openminted.example.uimafit.NamedEntity</name>
			<description />
			<supertypeName>uima.tcas.Annotation</supertypeName>
		</typeDescription>
	</types>
</typeSystemDescription>
